<?xml version="1.0" encoding="UTF-8"?>
<cheats version="1.0">
 <cheat enabled="0" game="0x67751094">
  <address>0x07C5</address>
  <value>0x07</value>
  <description>Infinite health</description>
 </cheat>
 <cheat enabled="0" game="0x67751094">
  <address>0x0039</address>
  <value>0x03</value>
  <description>Infinite Lives</description>
 </cheat>
 <cheat enabled="0" game="0x67751094">
  <address>0x07DC</address>
  <value>0x17</value>
  <description>Timer never runs out</description>
 </cheat>
 <cheat enabled="0" game="0x67751094">
  <address>0x07C0</address>
  <value>0x63</value>
  <description>Inf. bullets</description>
 </cheat>
 <cheat enabled="0" game="0x67751094">
  <genie>EVGENY</genie>
  <rocky>FCB11A7C</rocky>
  <address>0x8FCF</address>
  <value>0xE0</value>
  <description>Easy Mode</description>
 </cheat>
 <cheat enabled="0" game="0x67751094">
  <genie>ANIELT</genie>
  <rocky>FCA32546</rocky>
  <address>0x86DB</address>
  <value>0x70</value>
  <description>Gliding Billy</description>
 </cheat>
 <cheat enabled="0" game="0x67751094">
  <genie>GZOVLLVG</genie>
  <rocky>F6D66A16</rocky>
  <address>0xE31B</address>
  <value>0x24</value>
  <compare>0xC6</compare>
  <description>Infinite lives</description>
 </cheat>
 <cheat enabled="0" game="0x67751094">
  <genie>AAETAGZA</genie>
  <rocky>FC93F052</rocky>
  <address>0xE400</address>
  <value>0x00</value>
  <compare>0x02</compare>
  <description>Start with 1 life</description>
 </cheat>
 <cheat enabled="0" game="0x67751094">
  <genie>IAETAGZA</genie>
  <rocky>F2D17D98</rocky>
  <address>0xE400</address>
  <value>0x05</value>
  <compare>0x02</compare>
  <description>Start with 6 lives</description>
 </cheat>
 <cheat enabled="0" game="0x67751094">
  <genie>AAETAGZE</genie>
  <rocky>A08BBBC2</rocky>
  <address>0xE400</address>
  <value>0x08</value>
  <compare>0x02</compare>
  <description>Start with 9 lives</description>
 </cheat>
 <cheat enabled="0" game="0x67751094">
  <genie>PEKVIZYA</genie>
  <rocky>F9B67D78</rocky>
  <address>0xE2CD</address>
  <value>0x01</value>
  <compare>0x07</compare>
  <description>Infinite energy (1 of 2)</description>
 </cheat>
 <cheat enabled="0" game="0x67751094">
  <genie>SXOOUKVK</genie>
  <rocky>ADEE7562</rocky>
  <address>0x9C9B</address>
  <value>0xAD</value>
  <compare>0xCE</compare>
  <description>Infinite energy (2 of 2)</description>
 </cheat>
 <cheat enabled="0" game="0x67751094">
  <genie>PAEVZGAA</genie>
  <rocky>F97C78DA</rocky>
  <address>0xE40A</address>
  <value>0x01</value>
  <compare>0x00</compare>
  <description>Start on level 2 (1 of 3)</description>
 </cheat>
 <cheat enabled="0" game="0x67751094">
  <genie>UYEVGKPU</genie>
  <rocky>2786B558</rocky>
  <address>0xE40C</address>
  <value>0xFB</value>
  <compare>0x39</compare>
  <description>Start on level 2 (2 of 3)</description>
 </cheat>
 <cheat enabled="0" game="0x67751094">
  <genie>AAEVAGGA</genie>
  <rocky>FC05CCE2</rocky>
  <address>0xE408</address>
  <value>0x00</value>
  <compare>0x04</compare>
  <description>Start on level 2 (3 of 3)</description>
 </cheat>
 <cheat enabled="0" game="0x67751094">
  <genie>ZAEVZGAA</genie>
  <rocky>EBBBEE86</rocky>
  <address>0xE40A</address>
  <value>0x02</value>
  <compare>0x00</compare>
  <description>Start on level 3 (1 of 3)</description>
 </cheat>
 <cheat enabled="0" game="0x67751094">
  <genie>UYEVGKPU</genie>
  <rocky>2786B558</rocky>
  <address>0xE40C</address>
  <value>0xFB</value>
  <compare>0x39</compare>
  <description>Start on level 3 (2 of 3)</description>
 </cheat>
 <cheat enabled="0" game="0x67751094">
  <genie>AAEVAGGA</genie>
  <rocky>FC05CCE2</rocky>
  <address>0xE408</address>
  <value>0x00</value>
  <compare>0x04</compare>
  <description>Start on level 3 (3 of 3)</description>
 </cheat>
 <cheat enabled="0" game="0x67751094">
  <genie>LAEVZGAA</genie>
  <rocky>EE7A6A3E</rocky>
  <address>0xE40A</address>
  <value>0x03</value>
  <compare>0x00</compare>
  <description>Start on level 4 (1 of 3)</description>
 </cheat>
 <cheat enabled="0" game="0x67751094">
  <genie>UYEVGKPU</genie>
  <rocky>2786B558</rocky>
  <address>0xE40C</address>
  <value>0xFB</value>
  <compare>0x39</compare>
  <description>Start on level 4 (2 of 3)</description>
 </cheat>
 <cheat enabled="0" game="0x67751094">
  <genie>AAEVAGGA</genie>
  <rocky>FC05CCE2</rocky>
  <address>0xE408</address>
  <value>0x00</value>
  <compare>0x04</compare>
  <description>Start on level 4 (3 of 3)</description>
 </cheat>
 <cheat enabled="0" game="0x67751094">
  <genie>GAEVZGAA</genie>
  <rocky>F73EF510</rocky>
  <address>0xE40A</address>
  <value>0x04</value>
  <compare>0x00</compare>
  <description>Start on level 5 (1 of 3)</description>
 </cheat>
 <cheat enabled="0" game="0x67751094">
  <genie>UYEVGKPU</genie>
  <rocky>2786B558</rocky>
  <address>0xE40C</address>
  <value>0xFB</value>
  <compare>0x39</compare>
  <description>Start on level 5 (2 of 3)</description>
 </cheat>
 <cheat enabled="0" game="0x67751094">
  <genie>AAEVAGGA</genie>
  <rocky>FC05CCE2</rocky>
  <address>0xE408</address>
  <value>0x00</value>
  <compare>0x04</compare>
  <description>Start on level 5 (3 of 3)</description>
 </cheat>
 <cheat enabled="0" game="0x67751094">
  <genie>IAEVZGAA</genie>
  <rocky>F2FF71A8</rocky>
  <address>0xE40A</address>
  <value>0x05</value>
  <compare>0x00</compare>
  <description>Start on level 6 (1 of 3)</description>
 </cheat>
 <cheat enabled="0" game="0x67751094">
  <genie>UYEVGKPU</genie>
  <rocky>2786B558</rocky>
  <address>0xE40C</address>
  <value>0xFB</value>
  <compare>0x39</compare>
  <description>Start on level 6 (2 of 3)</description>
 </cheat>
 <cheat enabled="0" game="0x67751094">
  <genie>AAEVAGGA</genie>
  <rocky>FC05CCE2</rocky>
  <address>0xE408</address>
  <value>0x00</value>
  <compare>0x04</compare>
  <description>Start on level 6 (3 of 3)</description>
 </cheat>
 <cheat enabled="0" game="0x67751094">
  <genie>TAEVZGAA</genie>
  <rocky>E038E7F4</rocky>
  <address>0xE40A</address>
  <value>0x06</value>
  <compare>0x00</compare>
  <description>Start on level 7 (1 of 3)</description>
 </cheat>
 <cheat enabled="0" game="0x67751094">
  <genie>UYEVGKPU</genie>
  <rocky>2786B558</rocky>
  <address>0xE40C</address>
  <value>0xFB</value>
  <compare>0x39</compare>
  <description>Start on level 7 (2 of 3)</description>
 </cheat>
 <cheat enabled="0" game="0x67751094">
  <genie>AAEVAGGA</genie>
  <rocky>FC05CCE2</rocky>
  <address>0xE408</address>
  <value>0x00</value>
  <compare>0x04</compare>
  <description>Start on level 7 (3 of 3)</description>
 </cheat>
 <cheat enabled="0" game="0x67751094">
  <genie>YAEVZGAA</genie>
  <rocky>E5F9634C</rocky>
  <address>0xE40A</address>
  <value>0x07</value>
  <compare>0x00</compare>
  <description>Start on level 8 (1 of 3)</description>
 </cheat>
 <cheat enabled="0" game="0x67751094">
  <genie>UYEVGKPU</genie>
  <rocky>2786B558</rocky>
  <address>0xE40C</address>
  <value>0xFB</value>
  <compare>0x39</compare>
  <description>Start on level 8 (2 of 3)</description>
 </cheat>
 <cheat enabled="0" game="0x67751094">
  <genie>AAEVAGGA</genie>
  <rocky>FC05CCE2</rocky>
  <address>0xE408</address>
  <value>0x00</value>
  <compare>0x04</compare>
  <description>Start on level 8 (3 of 3)</description>
 </cheat>
 <cheat enabled="0" game="0x67751094">
  <address>0x0320</address>
  <value>0x60</value>
  <description>Invincible</description>
 </cheat>
 <cheat enabled="0" game="0x67751094">
  <genie>IEOVAYGA</genie>
  <rocky>F247EB82</rocky>
  <address>0xE798</address>
  <value>0x05</value>
  <compare>0x04</compare>
  <description>Start a New Game to View the Ending</description>
 </cheat>
 <cheat enabled="0" game="0x67751094">
  <genie>GZNAKTEL</genie>
  <rocky>F65E5C10</rocky>
  <address>0x8E74</address>
  <value>0x24</value>
  <compare>0xB0</compare>
  <description>One Hit Kill</description>
 </cheat>
 <cheat enabled="0" game="0x67751094">
  <genie>AVXVZZSA</genie>
  <rocky>D3207AF4</rocky>
  <address>0xE2AA</address>
  <value>0x60</value>
  <compare>0x85</compare>
  <description>Invincibility (1 of 2)</description>
 </cheat>
 <cheat enabled="0" game="0x67751094">
  <genie>ATVOOGSZ</genie>
  <rocky>D322EE18</rocky>
  <address>0x9C69</address>
  <value>0x60</value>
  <compare>0xA5</compare>
  <description>Invincibility (2 of 2)</description>
 </cheat>
 <cheat enabled="0" game="0x67751094">
  <genie>SZEVYUSE</genie>
  <rocky>AD9733D6</rocky>
  <address>0xE30F</address>
  <value>0xAD</value>
  <compare>0x8D</compare>
  <description>Infinite Ammo (1 of 2)</description>
 </cheat>
 <cheat enabled="0" game="0x67751094">
  <genie>SZNVVOGK</genie>
  <rocky>ADC58C82</rocky>
  <address>0xE97E</address>
  <value>0xAD</value>
  <compare>0x4C</compare>
  <description>Infinite Ammo (2 of 2)</description>
 </cheat>
 <cheat enabled="0" game="0x67751094">
  <genie>EGTPAK</genie>
  <rocky>FCB2CCE2</rocky>
  <address>0x9460</address>
  <value>0xC8</value>
  <description>Enemies walk much slower when moving left</description>
 </cheat>
 <cheat enabled="0" game="0x67751094">
  <genie>APAPAG</genie>
  <rocky>FCAAF88A</rocky>
  <address>0x9400</address>
  <value>0x10</value>
  <description>Don't lose weapons as easily</description>
 </cheat>
 <cheat enabled="0" game="0x67751094">
  <genie>EZNATKKZ</genie>
  <rocky>FF938D88</rocky>
  <address>0x8476</address>
  <value>0xA0</value>
  <compare>0xAC</compare>
  <description>Always Have Pistol (1 of 3)</description>
 </cheat>
 <cheat enabled="0" game="0x67751094">
  <genie>PANAYGOG</genie>
  <rocky>F92E9044</rocky>
  <address>0x8477</address>
  <value>0x01</value>
  <compare>0xC1</compare>
  <description>Always Have Pistol (2 of 3)</description>
 </cheat>
 <cheat enabled="0" game="0x67751094">
  <genie>XTNEAGYE</genie>
  <rocky>9AF5BFEA</rocky>
  <address>0x8478</address>
  <value>0xEA</value>
  <compare>0x07</compare>
  <description>Always Have Pistol (3 of 3)</description>
 </cheat>
 <cheat enabled="0" game="0x67751094">
  <genie>EZNATKKZ</genie>
  <rocky>FF938D88</rocky>
  <address>0x8476</address>
  <value>0xA0</value>
  <compare>0xAC</compare>
  <description>Always Have Knife (1 of 3)</description>
 </cheat>
 <cheat enabled="0" game="0x67751094">
  <genie>ZANAYGOG</genie>
  <rocky>EBE90618</rocky>
  <address>0x8477</address>
  <value>0x02</value>
  <compare>0xC1</compare>
  <description>Always Have Knife (2 of 3)</description>
 </cheat>
 <cheat enabled="0" game="0x67751094">
  <genie>XTNEAGYE</genie>
  <rocky>9AF5BFEA</rocky>
  <address>0x8478</address>
  <value>0xEA</value>
  <compare>0x07</compare>
  <description>Always Have Knife (3 of 3)</description>
 </cheat>
 <cheat enabled="0" game="0x67751094">
  <genie>EZNATKKZ</genie>
  <rocky>FF938D88</rocky>
  <address>0x8476</address>
  <value>0xA0</value>
  <compare>0xAC</compare>
  <description>Always Have Ugly Stick (1 of 3)</description>
 </cheat>
 <cheat enabled="0" game="0x67751094">
  <genie>LANAYGOG</genie>
  <rocky>EE2882A0</rocky>
  <address>0x8477</address>
  <value>0x03</value>
  <compare>0xC1</compare>
  <description>Always Have Ugly Stick (2 of 3)</description>
 </cheat>
 <cheat enabled="0" game="0x67751094">
  <genie>XTNEAGYE</genie>
  <rocky>9AF5BFEA</rocky>
  <address>0x8478</address>
  <value>0xEA</value>
  <compare>0x07</compare>
  <description>Always Have Ugly Stick (3 of 3)</description>
 </cheat>
 <cheat enabled="0" game="0x67751094">
  <genie>EZNATKKZ</genie>
  <rocky>FF938D88</rocky>
  <address>0x8476</address>
  <value>0xA0</value>
  <compare>0xAC</compare>
  <description>Always Have Whip (1 of 3)</description>
 </cheat>
 <cheat enabled="0" game="0x67751094">
  <genie>IANAYGOG</genie>
  <rocky>F2AD9936</rocky>
  <address>0x8477</address>
  <value>0x05</value>
  <compare>0xC1</compare>
  <description>Always Have Whip (2 of 3)</description>
 </cheat>
 <cheat enabled="0" game="0x67751094">
  <genie>XTNEAGYE</genie>
  <rocky>9AF5BFEA</rocky>
  <address>0x8478</address>
  <value>0xEA</value>
  <compare>0x07</compare>
  <description>Always Have Whip (3 of 3)</description>
 </cheat>
 <cheat enabled="0" game="0x67751094">
  <address>0x0039</address>
  <value>0x09</value>
  <description>Infinite Lives</description>
 </cheat>
 <cheat enabled="0" game="0x67751094">
  <address>0x07DC</address>
  <value>0x23</value>
  <description>Infinite Time (In Driving Stages)</description>
 </cheat>
 <cheat enabled="0" game="0x67751094">
  <address>0x07C0</address>
  <value>0x63</value>
  <description>Infinite Bullets (Shoot-Em-Up &quot;B&quot; Only!)</description>
 </cheat>
 <cheat enabled="0" game="0x67751094">
  <address>0x07C1</address>
  <value>0x01</value>
  <description>Weapon Modifier</description>
 </cheat>
 <cheat enabled="0" game="0x67751094">
  <address>0x0510</address>
  <value>0x00</value>
  <description>Kill Enemies 1 Hit (1 of 5)</description>
 </cheat>
 <cheat enabled="0" game="0x67751094">
  <address>0x0511</address>
  <value>0x00</value>
  <description>Kill Enemies 1 Hit (2 of 5)</description>
 </cheat>
 <cheat enabled="0" game="0x67751094">
  <address>0x0512</address>
  <value>0x00</value>
  <description>Kill Enemies 1 Hit (3 of 5)</description>
 </cheat>
 <cheat enabled="0" game="0x67751094">
  <address>0x0513</address>
  <value>0x00</value>
  <description>Kill Enemies 1 Hit (4 of 5)</description>
 </cheat>
 <cheat enabled="0" game="0x67751094">
  <address>0x0514</address>
  <value>0x00</value>
  <description>Kill Enemies 1 Hit (5 of 5)</description>
 </cheat>
 <cheat enabled="0" game="0x67751094">
  <address>0x002A</address>
  <value>0x04</value>
  <description>Access Removed Quiz Mode</description>
 </cheat>
 <cheat enabled="0" game="0x67751094">
  <address>0x0024</address>
  <value>0x01</value>
  <description>Play Demo Stages</description>
 </cheat>
 <cheat enabled="0" game="0x67751094">
  <address>0x0046</address>
  <value>0x01</value>
  <description>Weird Stage Display</description>
 </cheat>
 <cheat enabled="0" game="0x67751094">
  <address>0x0048</address>
  <value>0x01</value>
  <description>Respawning Enemy</description>
 </cheat>
 <cheat enabled="0" game="0x67751094">
  <address>0x07BB</address>
  <value>0x05</value>
  <description>Have All Practice Bonuses</description>
 </cheat>
</cheats>
<!--This file was downloaded from gamehacking.org-->
